Purpose,Sector,Instrument,Action,Price,Lots/grams,Total Spend,Action Date,Notes,Approach
Long Term Investing,Commodities,ANTAM Gold,BUY,Rp1.1M,2,"Rp2,200,000.00",6 Jan 2023,Emergency Fund,
Long Term Investing,Commodities,NEO Gold,BUY,"Rp98.273,00",0.1002,"Rp98,273.00",15 Apr 2023,Emergency Fund,
Long Term Investing,Bonds,Deposits,BUY,Rp2.9M,-,"Rp2,900,000.00",15 Apr 2023,Interest 7% p.a (monthly tenor) [Emergency Fund],
Long Term Investing,Stock,ASII,BUY,"5,375",2,"Rp1,075,000.00",13 Jan 2023,ASIIDASTRA INTERNATIONAL,
Long Term Investing,Stock,INDF,BUY,"6,675",2,"Rp1,335,000.00",16 Jan 2023,INDFDPT INDOFOOD SUKSES MAKMUR TBK,
Long Term Investing,Stock,UNTR,BUY,"24,150",1,"Rp2,415,000.00",16 Jan 2023,UNTRDUNITED TRACTORS,
Long Term Investing,Stock,INDF,BUY,"6,300",1,"Rp630,000.00",17 Apr 2023,INDFDPT INDOFOOD SUKSES MAKMUR TBK,
Swing Trading,Stock,INDF,BUY,"6,425",1,"Rp642,500.00",26 Apr 2023,INDFDPT INDOFOOD SUKSES MAKMUR TBK,
Swing Trading,Stock,INDF,SELL,"6,675",1,"Rp667,500.00",3 May 2023,INDFDPT INDOFOOD SUKSES MAKMUR TBK,
Long Term Investing,Commodities,ANTAM Gold,SELL,"Rp940.000,00",1,"Rp940,000.00",3 May 2023,-,
Long Term Investing,Stock,UNTR,BUY,"24,775",1,"Rp2,477,500.00",4 May 2023,UNTRDUNITED TRACTORS,
Long Term Investing,Stock,ASII,BUY,"6,375",1,"Rp637,500.00",10 May 2023,ASIIDASTRA INTERNATIONAL,
Long Term Investing,ETF,XIIT,BUY,555,11,"Rp610,500.00",10 May 2023,On-target (per May 2023),
Long Term Investing,ETF,XISR,BUY,471,13,"Rp612,300.00",10 May 2023,On-target (per May 2023),
Long Term Investing,ETF,XIHD,BUY,642,9,"Rp577,800.00",10 May 2023,On-target (per May 2023),
Long Term Investing,Commodities,NEO Gold,BUY,"Rp100.087,00",0.1005,"Rp100,087.00",10 May 2023,Emergency Fund,
Long Term Investing,Stock,CPIN,BUY,"4,730",1,"Rp473,000.00",11 May 2023,CPINDCHAROEN POKPHAND INDONESIA,
Long Term Investing,Stock,UNTR,BUY,"24,050",1,"Rp2,405,000.00",19 May 2023,UNTRDUNITED TRACTORS,
Long Term Investing,Stock,AMZN,BUY,"Rp1,736,825",0.0002587135,"Rp44,934.00",22 May 2023,"AMZNAmazon.com, Inc.D",
Long Term Investing,Stock,INTC,BUY,"Rp447,762",0.00100352409,"Rp44,934.00",22 May 2023,INTCIntel CorporationD,
Long Term Investing,Stock,KO,BUY,"Rp927,408",0.00048451186,"Rp44,934.00",22 May 2023,KOCoca-Cola Company (The)D,
Long Term Investing,ETF,XIHD,BUY,638,4,"Rp255,200.00",24 May 2023,On-target (per May 2023),
Long Term Investing,ETF,XIIT,BUY,552,4,"Rp220,800.00",24 May 2023,On-target (per May 2023),
Long Term Investing,Commodities,ANTAM Gold,SELL,"Rp950.000,00",1,"Rp950,000.00",24 May 2023,-,
e-IPO,Stock,KLAS,BUY,146,10,"Rp146,000.00",8 Jun 2023,-,
e-IPO,Stock,MAXI,BUY,100,10,"Rp100,000.00",8 Jun 2023,With additional warrant 10 lot @Rp0,
e-IPO,Stock,KLAS,SELL,196,5,"Rp98,000.00",13 Jun 2023,-,
e-IPO,Stock,KLAS,SELL,195,5,"Rp97,500.00",13 Jun 2023,-,
e-IPO,Stock,MAXI-W,SELL,2,10,"Rp2,000.00",13 Jun 2023,-,
Long Term Investing,ETF,XIIT,BUY,556,3,"Rp166,800.00",14 Jun 2023,On-target (per June 2023),
Long Term Investing,Stock,SMGR,BUY,"5,950",1,"Rp595,000.00",14 Jun 2023,SMGRSEMEN INDONESIA (PERSERO)TBKD,
Long Term Investing,Stock,KO,BUY,"Rp905,689",0.00060036844,"Rp54,374.71",14 Jun 2023,KOCoca-Cola Company (The)D,
e-IPO,Stock,VKTR,BUY,100,16,"Rp160,000.00",13 Jun 2023,-,
e-IPO,Stock,VKTR,SELL,132,16,"Rp211,200.00",19 Jun 2023,-,
Long Term Investing,Stock,ADRO,BUY,"2,270",2,"Rp454,000.00",19 Jun 2023,ADRODADARO ENERGY INDONESIA TBK,
Long Term Investing,Stock,LSIP,BUY,"1,025",8,"Rp820,000.00",19 Jun 2023,LSIPPERUSAHAAN PERKEBUNAN LONDON SUMTRAD,
Long Term Investing,Stock,ACES,BUY,640,3,"Rp192,000.00",19 Jun 2023,ACESACE HARDWARE INDONESIA TBKD,
Long Term Investing,ETF,XIHD,BUY,645,2,"Rp129,000.00",5 Jul 2023,On-target (per Jul 2023),
Long Term Investing,ETF,XISR,BUY,484,8,"Rp387,200.00",13 Jul 2023,On-target (per Jul 2023),
Long Term Investing,ETF,XIHD,BUY,655,1,"Rp65,500.00",14 Jul 2023,On-target (per Jul 2023),
Long Term Investing,Stock,RALS,BUY,610,15,"Rp915,000.00",24 Jul 2023,RALSRAMAYANA LESTARI SENTOSAD,
Long Term Investing,Stock,UNTR,SELL,"24,775",1,"Rp2,477,500.00",24 Jul 2023,UNTRDUNITED TRACTORS,
Long Term Investing,Stock,UNTR,SELL,"24,925",1,"Rp2,492,500.00",24 Jul 2023,UNTRDUNITED TRACTORS,
Long Term Investing,Stock,ASII,BUY,"6,525",1,"Rp652,500.00",25 Jul 2023,ASIIDASTRA INTERNATIONAL,
Long Term Investing,Stock,LSIP,BUY,"1,050",4,"Rp420,000.00",28 Jul 2023,LSIPPERUSAHAAN PERKEBUNAN LONDON SUMTRAD,
Long Term Investing,Stock,PTBA,BUY,"2,775",2,"Rp555,000.00",31 Jul 2023,PTBABUKIT ASAM TBKD,
Long Term Investing,Stock,LSIP,BUY,"1,035",2,"Rp207,000.00",31 Jul 2023,LSIPPERUSAHAAN PERKEBUNAN LONDON SUMTRAD,
Long Term Investing,Stock,SIDO,BUY,650,1,"Rp65,000.00",31 Jul 2023,SIDOINDUSTRI JAMU & FARMASI SIDO MUNCULD,
Long Term Investing,Stock,TLKM,BUY,"3,720",1,"Rp372,000.00",31 Jul 2023,TLKMTELKOM INDONESIA(PERSERO) TBKD,
Long Term Investing,Stock,RALS,BUY,565,2,"Rp113,000.00",3 Aug 2023,RALSRAMAYANA LESTARI SENTOSAD,
Long Term Investing,Stock,PTBA,BUY,"2,780",2,"Rp556,000.00",8 Aug 2023,PTBABUKIT ASAM TBKD,
Long Term Investing,Stock,SIDO,BUY,655,2,"Rp131,000.00",8 Aug 2023,SIDOINDUSTRI JAMU & FARMASI SIDO MUNCULD,
Long Term Investing,Stock,ASII,BUY,"5,250",1,"Rp525,000.00",29 Feb 2024,ASIIDASTRA INTERNATIONAL,
Long Term Investing,Stock,ASII,BUY,"5,200",1,"Rp520,000.00",1 Mar 2024,ASIIDASTRA INTERNATIONAL,
Long Term Investing,Stock,ADRO,BUY,"2,470",1,"Rp247,000.00",1 Mar 2024,ADRODADARO ENERGY INDONESIA TBK,
Long Term Investing,Stock,ASII,BUY,"5,175",2,"Rp1,035,000.00",1 Apr 2024,ASIIDASTRA INTERNATIONAL,
Long Term Investing,Stock,TLKM,BUY,"3,450",1,"Rp345,000.00",1 Apr 2024,TLKMTELKOM INDONESIA(PERSERO) TBKD,
Long Term Investing,Stock,ACES,BUY,895,2,"Rp179,000.00",1 Apr 2024,ACESACE HARDWARE INDONESIA TBKD,
Long Term Investing,Stock,CMRY,BUY,"4,910",1,"Rp491,000.00",1 Apr 2024,CMRYCISARUA MOUNTAIN DAIRY TBKD,
Long Term Investing,Stock,AKRA,BUY,"1,700",1,"Rp170,000.00",1 Apr 2024,AKRAAKR CORPORINDO TBKD,
Long Term Investing,Stock,SPY,BUY,"Rp8,257,438",0.00072553257,"Rp599,104.02",2 Apr 2024,SPDR S&P 500 ETF,
Long Term Investing,Stock,SPY,BUY,"Rp8,470,165",0.00058732143,"Rp497,470.95",24 May 2024,SPDR S&P 500 ETF,
Long Term Investing,Stock,ADRO,BUY,"2,880",1,"Rp288,000.00",3 Jun 2024,ADRODADARO ENERGY INDONESIA TBK,
Long Term Investing,Stock,ASII,BUY,"4,480",1,"Rp448,000.00",3 Jun 2024,ASIIDASTRA INTERNATIONAL,
Long Term Investing,Stock,PTBA,BUY,"2,560",1,"Rp256,000.00",3 Jun 2024,PTBABUKIT ASAM TBKD,
Long Term Investing,Stock,AUTO,BUY,"1,950",1,"Rp195,000.00",3 Jun 2024,AUTOASTRA OTOPARTS TBKD,
Long Term Investing,Stock,ADRO,BUY,"2,930",1,"Rp293,000.00",4 Jun 2024,ADRODADARO ENERGY INDONESIA TBK,
Long Term Investing,Stock,PTBA,BUY,"2,580",1,"Rp258,000.00",4 Jun 2024,PTBABUKIT ASAM TBKD,
Long Term Investing,Stock,ASII,BUY,"4,610",1,"Rp461,000.00",4 Jun 2024,ASIIDASTRA INTERNATIONAL,
Long Term Investing,Stock,AUTO,BUY,"2,025",2,"Rp405,000.00",4 Jun 2024,AUTOASTRA OTOPARTS TBKD,
Long Term Investing,Stock,RALS,BUY,430,3,"Rp129,000.00",4 Jun 2024,RALSRAMAYANA LESTARI SENTOSAD,
Long Term Investing,Stock,ASII,BUY,"4,615",2,"Rp923,000.00",5 Jun 2024,ASIIDASTRA INTERNATIONAL,
Long Term Investing,Stock,RALS,BUY,428,8,"Rp342,400.00",5 Jun 2024,RALSRAMAYANA LESTARI SENTOSAD,
Long Term Investing,Stock,ASII,BUY,"4,550",2,"Rp910,000.00",6 Jun 2024,ASIIDASTRA INTERNATIONAL,
Long Term Investing,Stock,UNTR,BUY,"22,575",1,"Rp2,257,500.00",6 Jun 2024,UNTRDUNITED TRACTORS,
Long Term Investing,Stock,ASII,BUY,"4,560",1,"Rp456,000.00",7 Jun 2024,ASIIDASTRA INTERNATIONAL,
Long Term Investing,Stock,RALS,BUY,414,2,"Rp82,800.00",24 Jun 2024,RALSRAMAYANA LESTARI SENTOSAD,
Long Term Investing,Stock,SPY,BUY,"Rp8,998,000",0.0005432747,"Rp488,838.58",28 Jun 2024,SPDR S&P 500 ETF,
Long Term Investing,Stock,ADRO,BUY,"2,780",1,"Rp278,000.00",1 Jul 2024,ADRODADARO ENERGY INDONESIA TBK,
Long Term Investing,Stock,RALS,BUY,428,2,"Rp85,600.00",1 Jul 2024,RALSRAMAYANA LESTARI SENTOSAD,
Long Term Investing,Stock,PTBA,BUY,"2,500",1,"Rp250,000.00",1 Jul 2024,PTBABUKIT ASAM TBKD,
Long Term Investing,Stock,ASII,BUY,"4,610",1,"Rp461,000.00",1 Jul 2024,ASIIDASTRA INTERNATIONAL,
Long Term Investing,Stock,SPY,BUY,"Rp8,439,048",0.00054977657,"Rp463,959.10",29 Jul 2024,SPDR S&P 500 ETF,
Long Term Investing,Stock,ASII,BUY,"4,710",2,"Rp942,000.00",31 Jul 2024,ASIIDASTRA INTERNATIONAL,
Long Term Investing,Stock,SPY,BUY,"Rp8,672,419",0.00057079822,"Rp495,020.12",30 Aug 2024,SPDR S&P 500 ETF,
Long Term Investing,Stock,ASII,BUY,"5,200",2,"Rp1,040,000.00",2 Sep 2024,ASIIDASTRA INTERNATIONAL,
Long Term Investing,Stock,ASII,BUY,"5,100",2,"Rp1,020,000.00",27 Sep 2024,ASIIDASTRA INTERNATIONAL,
Long Term Investing,Stock,SPY,BUY,"Rp8,657,237",0.00057078581,"Rp494,142.81",27 Sep 2024,SPDR S&P 500 ETF,
Long Term Investing,Stock,ASII,BUY,"4,890",2,"Rp978,000.00",20 Dec 2024,ASIIDASTRA INTERNATIONAL,
Long Term Investing,Stock,ADRO,BUY,"2,530",1,"Rp253,000.00",20 Dec 2024,ADRODADARO ENERGY INDONESIA TBK,
Long Term Investing,Stock,SPY,BUY,"Rp9,817,689",0.0025632519,"Rp2,516,521.00",27 Feb 2025,SPDR S&P 500 ETF,
Long Term Investing,Stock,ASII,BUY,"4,400",6,"Rp2,640,000.00",28 Feb 2025,ASIIDASTRA INTERNATIONAL,
Long Term Investing,Stock,SPY,BUY,"Rp9,392,335",0.00052541566,"Rp493,487.99",27 Mar 2025,SPDR S&P 500 ETF,
Long Term Investing,Stock,ASII,BUY,"4,630",2,"Rp926,000.00",8 Apr 2025,ASIIDASTRA INTERNATIONAL,
Long Term Investing,Stock,ADRO,BUY,"1,640",1,"Rp164,000.00",8 Apr 2025,ADRODADARO ENERGY INDONESIA TBK,
Long Term Investing,Stock,SMDR,BUY,208,12,"Rp249,600.00",8 Apr 2025,SMDRSAMUDERA INDONESIAD,
Long Term Investing,Stock,LPIN,BUY,362,7,"Rp253,400.00",8 Apr 2025,LPINMULTI PRIMA SEJAHTERA TBKD,
Long Term Investing,Stock,LPIN,BUY,392,3,"Rp117,600.00",16 Apr 2025,LPINMULTI PRIMA SEJAHTERA TBKD,
Long Term Investing,Stock,INDF,SELL,"7,225",3,"Rp2,167,500.00",21 Apr 2025,INDFDPT INDOFOOD SUKSES MAKMUR TBK,
Long Term Investing,Stock,SPY,BUY,"Rp9,184,148",0.00053613393,"Rp492,393.33",29 Apr 2025,SPDR S&P 500 ETF,
Long Term Investing,Stock,ASII,BUY,"4,830",2,"Rp966,000.00",30 Apr 2025,ASIIDASTRA INTERNATIONAL,
Long Term Investing,Stock,CPIN,SELL,"4,920",1,"Rp492,000.00",14 May 2025,CPINDCHAROEN POKPHAND INDONESIA,
Long Term Investing,Stock,LSIP,SELL,"1,215",7,"Rp850,500.00",14 May 2025,LSIPPERUSAHAAN PERKEBUNAN LONDON SUMTRAD,
Long Term Investing,Stock,PTBA,SELL,"2,770",4,"Rp1,108,000.00",14 May 2025,PTBABUKIT ASAM TBKD,
Long Term Investing,Stock,LPIN,BUY,375,75,"Rp2,812,500.00",14 May 2025,LPINMULTI PRIMA SEJAHTERA TBKD,
Long Term Investing,Stock,SMDR,BUY,276,4,"Rp110,400.00",14 May 2025,SMDRSAMUDERA INDONESIAD,
Long Term Investing,Stock,ADRO,BUY,"1,890",1,"Rp189,000.00",14 May 2025,ADRODADARO ENERGY INDONESIA TBK,
Long Term Investing,Stock,AUTO,SELL,"2,150",3,"Rp645,000.00",19 May 2025,AUTOASTRA OTOPARTS TBKD,
Long Term Investing,Stock,AMZN,SELL,"Rp3,309,618",0.0002587135,"Rp85,624.29",19 May 2025,"AMZNAmazon.com, Inc.D",
Long Term Investing,Stock,KO,SELL,"Rp1,182,698",0.0010848803,"Rp128,308.55",19 May 2025,KOCoca-Cola Company (The)D,
Long Term Investing,Stock,SPY,BUY,"Rp9,596,276",0.00074810554,"Rp717,902.73",29 May 2025,SPDR S&P 500 ETF,
Long Term Investing,Stock,BUKA,BUY,136,75,"Rp1,020,000.00",2 Jun 2025,BUKABUKALAPAK.COM TBKD,
Long Term Investing,Stock,LSIP,SELL,"1,245",3,"Rp373,500.00",4 Jun 2025,LSIPPERUSAHAAN PERKEBUNAN LONDON SUMTRAD,
Long Term Investing,Stock,PTBA,SELL,"2,840",2,"Rp568,000.00",4 Jun 2025,PTBABUKIT ASAM TBKD,
Long Term Investing,Stock,BUKA,BUY,141,71,"Rp1,001,100.00",10 Jun 2025,BUKABUKALAPAK.COM TBKD,
Long Term Investing,Stock,LPIN,BUY,386,26,"Rp1,003,600.00",10 Jun 2025,LPINMULTI PRIMA SEJAHTERA TBKD,
Long Term Investing,Stock,LPLI,BUY,262,38,"Rp995,600.00",10 Jun 2025,LPLISTAR PACIFIC TBKD,
Long Term Investing,Stock,LPIN,BUY,386,13,"Rp501,800.00",11 Jun 2025,LPINMULTI PRIMA SEJAHTERA TBKD,
Long Term Investing,Stock,LPIN,BUY,386,13,"Rp501,800.00",12 Jun 2025,LPINMULTI PRIMA SEJAHTERA TBKD,
Long Term Investing,Stock,BUKA,BUY,143,70,"Rp1,001,000.00",12 Jun 2025,BUKABUKALAPAK.COM TBKD,
Long Term Investing,Stock,LPIN,BUY,382,13,"Rp496,600.00",16 Jun 2025,LPINMULTI PRIMA SEJAHTERA TBKD,
Long Term Investing,Stock,DPNS,BUY,280,36,"Rp1,008,000.00",16 Jun 2025,DPNSDUTA PERTIWI NUSANTARAD,
Long Term Investing,Stock,BUKA,BUY,137,73,"Rp1,000,100.00",16 Jun 2025,BUKABUKALAPAK.COM TBKD,
Long Term Investing,Stock,PTBA,SELL,"2,940",1,"Rp294,000.00",20 Jun 2025,PTBABUKIT ASAM TBKD,
Long Term Investing,Stock,LSIP,SELL,"1,210",2,"Rp242,000.00",20 Jun 2025,LSIPPERUSAHAAN PERKEBUNAN LONDON SUMTRAD,
Long Term Investing,Stock,SPY,BUY,"Rp9,899,024",0.00049991979,"Rp494,871.78",26 Jun 2025,SPDR S&P 500 ETF,
Long Term Investing,Stock,LSIP,SELL,"1,265",2,"Rp253,000.00",30 Jun 2025,LSIPPERUSAHAAN PERKEBUNAN LONDON SUMTRAD,
Long Term Investing,Stock,LPIN,BUY,374,13,"Rp486,200.00",1 Jul 2025,LPINMULTI PRIMA SEJAHTERA TBKD,Dividend - Deep Value
Long Term Investing,Stock,TAPG,BUY,980,3,"Rp294,000.00",7 Jul 2025,TAPGTRIPUTRA AGRO PERSADA TBKD,Dividend - Growth Value
Long Term Investing,Stock,SCCO,BUY,2060,1,"Rp206,000.00",7 Jul 2025,SCCOSUCACO(SUPREME CABLE MANUFACTURING)D,Deep Value
Long Term Investing,Stock,BUKA,BUY,126,20,"Rp252,000.00",7 Jul 2025,BUKABUKALAPAK.COM TBKD,Deep Value
Long Term Investing,Stock,BUKA,BUY,126,20,"Rp252,000.00",8 Jul 2025,BUKABUKALAPAK.COM TBKD,Deep Value
Long Term Investing,Stock,KSIX,BUY,199,26,"Rp517,400.00",8 Jul 2025,KSIXKENTANIX SUPRA INTERNATIONAL TBKD,Deep Value
Long Term Investing,Stock,SCCO,BUY,2060,1,"Rp206,000.00",8 Jul 2025,SCCOSUCACO(SUPREME CABLE MANUFACTURING)D,Deep Value
Long Term Investing,Stock,TAPG,BUY,1005,2,"Rp201,000.00",8 Jul 2025,TAPGTRIPUTRA AGRO PERSADA TBKD,Dividend - Growth Value
Long Term Investing,Stock,TAPG,BUY,1105,2,"Rp221,000.00",10 Jul 2025,TAPGTRIPUTRA AGRO PERSADA TBKD,Dividend - Growth Value
Long Term Investing,Stock,BUKA,BUY,126,40,"Rp504,000.00",11 Jul 2025,BUKABUKALAPAK.COM TBKD,Deep Value
Long Term Investing,Stock,INCI,BUY,585,9,"Rp526,500.00",11 Jul 2025,INCIINTAN WIJAYA INTERNATIONALD,Deep Value
Long Term Investing,Stock,KSIX,BUY,198,26,"Rp514,800.00",11 Jul 2025,KSIXKENTANIX SUPRA INTERNATIONAL TBKD,Deep Value
Long Term Investing,Stock,TAPG,BUY,1120,2,"Rp224,000.00",11 Jul 2025,TAPGTRIPUTRA AGRO PERSADA TBKD,Dividend - Growth Value
Long Term Investing,Stock,UNTR,SELL,"24,100",2,"Rp4,820,000.00",24 Jul 2025,UNTRDUNITED TRACTORS,
Long Term Investing,Stock,ASII,SELL,"4,950",34,"Rp16,830,000.00",25 Jul 2025,ASIIDASTRA INTERNATIONAL,
Long Term Investing,Stock,CMRY,SELL,"4,950",1,"Rp495,000.00",29 Jul 2025,CMRYCISARUA MOUNTAIN DAIRY TBKD,
Long Term Investing,Stock,DPNS,BUY,244,7,"Rp170,800.00",4 Aug 2025,DPNSDUTA PERTIWI NUSANTARAD,Deep - Growth Value
Long Term Investing,Stock,LPIN,BUY,396,185,"Rp7,326,000.00",4 Aug 2025,LPINMULTI PRIMA SEJAHTERA TBKD,Dividend - Deep Value
Long Term Investing,Stock,SPY,BUY,"Rp10,320,619",0.00047960259,"Rp494,979.57",4 Aug 2025,SPDR S&P 500 ETF,
Long Term Investing,Stock,LPIN,BUY,398,2,"Rp79,600.00",5 Aug 2025,LPINMULTI PRIMA SEJAHTERA TBKD,Dividend - Deep Value
Long Term Investing,Stock,LPIN,BUY,400,9,"Rp360,000.00",5 Aug 2025,LPINMULTI PRIMA SEJAHTERA TBKD,Dividend - Deep Value
Long Term Investing,Stock,SCCO,BUY,2350,5,"Rp1,175,000.00",5 Aug 2025,SCCOSUCACO(SUPREME CABLE MANUFACTURING)D,Deep Value
Long Term Investing,Stock,LPLI,BUY,282,35,"Rp987,000.00",5 Aug 2025,LPLISTAR PACIFIC TBKD,Deep Value
Long Term Investing,Stock,LPLI,BUY,286,8,"Rp228,800.00",5 Aug 2025,LPLISTAR PACIFIC TBKD,Deep Value
Long Term Investing,Stock,LPLI,BUY,288,2,"Rp57,600.00",5 Aug 2025,LPLISTAR PACIFIC TBKD,Deep Value
Long Term Investing,Stock,INCI,BUY,590,21,"Rp1,239,000.00",5 Aug 2025,INCIINTAN WIJAYA INTERNATIONALD,Deep Value
Long Term Investing,Stock,KSIX,BUY,200,31,"Rp620,000.00",5 Aug 2025,KSIXKENTANIX SUPRA INTERNATIONAL TBKD,Deep Value
Long Term Investing,Stock,KSIX,BUY,202,33,"Rp666,600.00",5 Aug 2025,KSIXKENTANIX SUPRA INTERNATIONAL TBKD,Deep Value
Long Term Investing,Stock,DPNS,BUY,244,206,"Rp5,026,400.00",5 Aug 2025,DPNSDUTA PERTIWI NUSANTARAD,Deep - Growth Value
Long Term Investing,Stock,PUDP,BUY,214,60,"Rp1,284,000.00",7 Aug 2025,PUDPPUDJIADI PRESTIGED,Deep Value
Long Term Investing,Stock,DIVA,BUY,107,121,"Rp1,294,700.00",8 Aug 2025,DIVADISTRIBUSI VOUCHER NUSANTARA TBKD,Deep Value
Long Term Investing,Stock,BAYU,BUY,1285,10,"Rp1,285,000.00",11 Aug 2025,BAYUBAYU BUANA TRAVEL SERVICED,Dividend - Growth Value
Long Term Investing,Stock,ASGR,BUY,1075,2,"Rp215,000.00",11 Aug 2025,ASGRASTRA GRAPHIA TBKD,Dividend - Growth Value
Long Term Investing,Stock,LPKR,BUY,89,23,"Rp204,700.00",11 Aug 2025,LPKRLIPPO KARAWACID,Deep Value
Long Term Investing,Stock,DPNS,SELL,252,249,"Rp6,274,800.00",25 Aug 2025,DPNSDUTA PERTIWI NUSANTARAD,
Long Term Investing,Stock,SPY,BUY,"Rp10,444,986",0.00094886447,"Rp991,087.61",2 Sep 2025,SPDR S&P 500 ETF,
Long Term Investing,Stock,ASGR,BUY,1245,8,"Rp996,000.00",15 Sep 2025,ASGRASTRA GRAPHIA TBKD,Dividend - Growth Value
Long Term Investing,Stock,BAYU,BUY,1285,8,"Rp1,028,000.00",15 Sep 2025,BAYUBAYU BUANA TRAVEL SERVICED,Dividend - Growth Value
Long Term Investing,Stock,DIVA,BUY,129,78,"Rp1,006,200.00",15 Sep 2025,DIVADISTRIBUSI VOUCHER NUSANTARA TBKD,Deep Value
Long Term Investing,Stock,INCI,BUY,595,17,"Rp1,011,500.00",15 Sep 2025,INCIINTAN WIJAYA INTERNATIONALD,Deep Value
Long Term Investing,Stock,KSIX,BUY,236,43,"Rp1,014,800.00",15 Sep 2025,KSIXKENTANIX SUPRA INTERNATIONAL TBKD,Deep Value
Long Term Investing,Stock,LPKR,BUY,104,97,"Rp1,008,800.00",15 Sep 2025,LPKRLIPPO KARAWACID,Deep Value
Long Term Investing,Stock,LPLI,BUY,316,32,"Rp1,011,200.00",15 Sep 2025,LPLISTAR PACIFIC TBKD,Deep Value
Long Term Investing,Stock,PUDP,BUY,230,44,"Rp1,012,000.00",15 Sep 2025,PUDPPUDJIADI PRESTIGED,Deep Value
Long Term Investing,Stock,SCCO,BUY,2290,4,"Rp916,000.00",15 Sep 2025,SCCOSUCACO(SUPREME CABLE MANUFACTURING)D,Deep Value
Long Term Investing,Stock,UCID,BUY,470,11,"Rp517,000.00",23 Sep 2025,UCIDPT Uni-Charm Indonesia TbkD,Deep - Growth Value
Long Term Investing,Stock,PUDP,SELL,383,104,"Rp3,974,640.00",24 Sep 2025,PUDPPUDJIADI PRESTIGED,
Long Term Investing,Stock,LPLI,SELL,605,115,"Rp6,937,323.00",25 Sep 2025,LPLISTAR PACIFIC TBKD,
Long Term Investing,Stock,DIVA,BUY,127,237,"Rp3,009,900.00",29 Sep 2025,DIVADISTRIBUSI VOUCHER NUSANTARA TBKD,Deep Value
Long Term Investing,Stock,INCI,BUY,615,32,"Rp1,968,000.00",29 Sep 2025,INCIINTAN WIJAYA INTERNATIONALD,Deep Value
Long Term Investing,Stock,SCCO,BUY,2320,4,"Rp928,000.00",29 Sep 2025,SCCOSUCACO(SUPREME CABLE MANUFACTURING)D,Deep Value
Long Term Investing,Stock,UCID,BUY,470,21,"Rp987,000.00",29 Sep 2025,UCIDPT Uni-Charm Indonesia TbkD,Deep - Growth Value
Long Term Investing,Stock,INTC,SELL,"Rp575,826",0.00100352409,"Rp57,785.54",29 Sep 2025,INTCIntel CorporationD,
Long Term Investing,Stock,DIVA,SELL,188,436,"Rp8,196,800.00",3 Oct 2025,DIVADISTRIBUSI VOUCHER NUSANTARA TBKD,
Long Term Investing,Stock,SPY,BUY,"Rp11,148,751",0.00093291962,"Rp1,040,088.85",3 Oct 2025,SPDR S&P 500 ETF,
Long Term Investing,Stock,TAPG,SELL,"1,820",4,"Rp728,000.00",6 Oct 2025,TAPGTRIPUTRA AGRO PERSADA TBKD,
Long Term Investing,Stock,KSIX,BUY,264,38,"Rp1,003,200.00",6 Oct 2025,KSIXKENTANIX SUPRA INTERNATIONAL TBKD,Deep Value
Long Term Investing,Stock,SCCO,BUY,2340,9,"Rp2,106,000.00",6 Oct 2025,SCCOSUCACO(SUPREME CABLE MANUFACTURING)D,Deep Value
Long Term Investing,Stock,INCI,BUY,624,49,"Rp3,057,600.00",6 Oct 2025,INCIINTAN WIJAYA INTERNATIONALD,Deep Value
Long Term Investing,Stock,UCID,BUY,470,64,"Rp3,008,000.00",6 Oct 2025,UCIDPT Uni-Charm Indonesia TbkD,Deep - Growth Value
Long Term Investing,Stock,ASGR,BUY,1182,20,"Rp2,364,000.00",6 Oct 2025,ASGRASTRA GRAPHIA TBKD,Dividend - Growth Value
Long Term Investing,Stock,TAPG,SELL,"1,885",5,"Rp942,500.00",9 Oct 2025,TAPGTRIPUTRA AGRO PERSADA TBKD,
Long Term Investing,Stock,KSIX,BUY,256,40,"Rp1,024,000.00",10 Oct 2025,KSIXKENTANIX SUPRA INTERNATIONAL TBKD,Deep Value
Long Term Investing,Stock,SCCO,BUY,2350,9,"Rp2,115,000.00",10 Oct 2025,SCCOSUCACO(SUPREME CABLE MANUFACTURING)D,Deep Value
Long Term Investing,Stock,INCI,BUY,625,96,"Rp6,000,000.00",10 Oct 2025,INCIINTAN WIJAYA INTERNATIONALD,Deep Value
Long Term Investing,Stock,BAYU,BUY,1310,16,"Rp2,096,000.00",10 Oct 2025,BAYUBAYU BUANA TRAVEL SERVICED,Dividend - Growth Value
Long Term Investing,Stock,UCID,BUY,456,132,"Rp6,019,200.00",10 Oct 2025,UCIDPT Uni-Charm Indonesia TbkD,Deep - Growth Value
Long Term Investing,Stock,LPKR,BUY,100,200,"Rp2,000,000.00",10 Oct 2025,LPKRLIPPO KARAWACID,Deep Value
Long Term Investing,Stock,ASGR,BUY,1155,18,"Rp2,079,000.00",10 Oct 2025,ASGRASTRA GRAPHIA TBKD,Dividend - Growth Value
Long Term Investing,Stock,RALS,SELL,394,32,"Rp1,260,800.00",13 Oct 2025,RALSRAMAYANA LESTARI SENTOSAD,
Long Term Investing,Stock,SMGR,SELL,"2,560",1,"Rp256,000.00",13 Oct 2025,SMGRSEMEN INDONESIA (PERSERO)TBKD,
Long Term Investing,Stock,ACES,SELL,422,5,"Rp211,000.00",13 Oct 2025,ACESACE HARDWARE INDONESIA TBKD,
Long Term Investing,Stock,TLKM,SELL,"3,040",2,"Rp608,000.00",13 Oct 2025,TLKMTELKOM INDONESIA(PERSERO) TBKD,
Long Term Investing,Stock,AKRA,SELL,"1,105",1,"Rp110,500.00",13 Oct 2025,AKRAAKR CORPORINDO TBKD,
Long Term Investing,Stock,SIDO,SELL,515,3,"Rp154,500.00",13 Oct 2025,SIDOINDUSTRI JAMU & FARMASI SIDO MUNCULD,
Long Term Investing,Stock,XISR,SELL,425,21,"Rp892,500.00",13 Oct 2025,,
Long Term Investing,Stock,XIIT,SELL,512,18,"Rp921,600.00",13 Oct 2025,,
Long Term Investing,Stock,XIHD,SELL,605,16,"Rp968,000.00",13 Oct 2025,,
Long Term Investing,Stock,ADRO,SELL,"1,745",9,"Rp1,570,500.00",13 Oct 2025,ADRODADARO ENERGY INDONESIA TBK,
Long Term Investing,Stock,SCCO,BUY,2371,29,"Rp6,875,900.00",13 Oct 2025,SCCOSUCACO(SUPREME CABLE MANUFACTURING)D,Deep Value
Long Term Investing,Stock,SCCO,BUY,2360,18,"Rp4,248,000.00",14 Oct 2025,SCCOSUCACO(SUPREME CABLE MANUFACTURING)D,Deep Value
Long Term Investing,Stock,LPIN,SELL,462,44,"Rp2,032,800.00",27 Oct 2025,LPINMULTI PRIMA SEJAHTERA TBKD,
Long Term Investing,Stock,LPKR,BUY,92,220,"Rp2,024,000.00",27 Oct 2025,LPKRLIPPO KARAWACID,Deep Value
Long Term Investing,Stock,LPKR,BUY,87,115,"Rp1,000,500.00",28 Oct 2025,LPKRLIPPO KARAWACID,Deep Value
Long Term Investing,Stock,SCCO,BUY,2390,1,"Rp239,000.00",29 Oct 2025,SCCOSUCACO(SUPREME CABLE MANUFACTURING)D,Deep Value
Long Term Investing,Stock,INCI,BUY,625,4,"Rp250,000.00",29 Oct 2025,INCIINTAN WIJAYA INTERNATIONALD,Deep Value
Long Term Investing,Stock,LPKR,BUY,88,432,"Rp3,801,600.00",29 Oct 2025,LPKRLIPPO KARAWACID,Deep Value
Long Term Investing,Stock,SPY,BUY,"Rp11,386,714",0.00086954869,"Rp990,130.26",30 Oct 2025,SPDR S&P 500 ETF,
Long Term Investing,Stock,KSIX,SELL,330,46,"Rp1,518,000.00",3 Nov 2025,KSIXKENTANIX SUPRA INTERNATIONAL TBKD,
Long Term Investing,Stock,KSIX,SELL,336,24,"Rp806,400.00",4 Nov 2025,KSIXKENTANIX SUPRA INTERNATIONAL TBKD,
Long Term Investing,Stock,KSIX,SELL,338,24,"Rp811,200.00",5 Nov 2025,KSIXKENTANIX SUPRA INTERNATIONAL TBKD,
Long Term Investing,Stock,KSIX,SELL,350,119,"Rp4,165,000.00",10 Nov 2025,KSIXKENTANIX SUPRA INTERNATIONAL TBKD,
Long Term Investing,Stock,INCI,BUY,675,15,"Rp1,012,500.00",10 Nov 2025,INCIINTAN WIJAYA INTERNATIONALD,Deep Value
Long Term Investing,Stock,SCCO,BUY,2430,5,"Rp1,215,000.00",10 Nov 2025,SCCOSUCACO(SUPREME CABLE MANUFACTURING)D,Deep Value
Long Term Investing,Stock,ASGR,BUY,1230,9,"Rp1,107,000.00",11 Nov 2025,ASGRASTRA GRAPHIA TBKD,Dividend - Growth Value
Long Term Investing,Stock,LPKR,BUY,88,114,"Rp1,003,200.00",11 Nov 2025,LPKRLIPPO KARAWACID,Deep Value
Long Term Investing,Stock,UCID,BUY,442,23,"Rp1,016,600.00",11 Nov 2025,UCIDPT Uni-Charm Indonesia TbkD,Deep - Growth Value
Long Term Investing,Stock,KSIX,SELL,346,18,"Rp622,800.00",11 Nov 2025,KSIXKENTANIX SUPRA INTERNATIONAL TBKD,
Long Term Investing,Stock,BAYU,SELL,"1,315",34,"Rp4,471,000.00",24 Nov 2025,BAYUBAYU BUANA TRAVEL SERVICED,
Long Term Investing,Stock,LPKR,BUY,88,455,"Rp4,004,000.00",24 Nov 2025,LPKRLIPPO KARAWACID,Deep Value
Long Term Investing,Stock,SCCO,BUY,2400,4,"Rp960,000.00",24 Nov 2025,SCCOSUCACO(SUPREME CABLE MANUFACTURING)D,Deep Value
Long Term Investing,Stock,UCID,BUY,442,91,"Rp4,022,200.00",24 Nov 2025,UCIDPT Uni-Charm Indonesia TbkD,Deep - Growth Value
Long Term Investing,Stock,SPY,SELL,"Rp11,049,235",0.0058443247,"Rp6,457,531.88",24 Nov 2025,SPDR S&P 500 ETF,
Long Term Investing,Stock,ASGR,BUY,1280,4,"Rp512,000.00",25 Nov 2025,ASGRASTRA GRAPHIA TBKD,Dividend - Growth Value
Long Term Investing,Stock,LPKR,BUY,91,110,"Rp1,001,000.00",28 Nov 2025,LPKRLIPPO KARAWACID,Deep Value
Long Term Investing,Stock,UCID,BUY,430,12,"Rp516,000.00",28 Nov 2025,UCIDPT Uni-Charm Indonesia TbkD,Deep - Growth Value
Long Term Investing,Stock,KSIX,SELL,386,6,"Rp231,600.00",1 Dec 2025,KSIXKENTANIX SUPRA INTERNATIONAL TBKD,
Long Term Investing,Stock,DIVA,BUY,178,57,"Rp1,014,600.00",3 Dec 2025,DIVADISTRIBUSI VOUCHER NUSANTARA TBKD,Deep Value
Long Term Investing,Stock,LPLI,BUY,452,23,"Rp1,039,600.00",5 Dec 2025,LPLISTAR PACIFIC TBKD,Deep Value
Long Term Investing,Stock,DIVA,BUY,187,54,"Rp1,009,800.00",8 Dec 2025,DIVADISTRIBUSI VOUCHER NUSANTARA TBKD,Deep Value
Long Term Investing,Stock,LPLI,BUY,456,22,"Rp1,003,200.00",8 Dec 2025,LPLISTAR PACIFIC TBKD,Deep Value
Long Term Investing,Stock,LPKR,SELL,128,587,"Rp7,513,600.00",23 Jan 2026,LPKRLIPPO KARAWACID,
Long Term Investing,Stock,LPKR,SELL,116,648,"Rp7,516,800.00",26 Jan 2026,LPKRLIPPO KARAWACID,
Long Term Investing,Stock,INCI,SELL,738,158,"Rp11,660,400.00",26 Jan 2026,INCIINTAN WIJAYA INTERNATIONALD,
Long Term Investing,Stock,ASGR,SELL,"1,625",31,"Rp5,037,500.00",26 Jan 2026,ASGRASTRA GRAPHIA TBKD,
Long Term Investing,Stock,SCCO,SELL,"2,600",68,"Rp17,680,000.00",26 Jan 2026,SCCOSUCACO(SUPREME CABLE MANUFACTURING)D,
Long Term Investing,Stock,LPIN,SELL,451,189,"Rp8,523,900.00",26 Jan 2026,LPINMULTI PRIMA SEJAHTERA TBKD,
Long Term Investing,Stock,BUKA,SELL,158,184,"Rp2,907,200.00",26 Jan 2026,BUKABUKALAPAK.COM TBKD,
Long Term Investing,Stock,SMDR,SELL,388,8,"Rp310,400.00",26 Jan 2026,SMDRSAMUDERA INDONESIAD,
Long Term Investing,Stock,SMDR,SELL,362,8,"Rp289,600.00",23 Apr 2026,SMDRSAMUDERA INDONESIAD,
Long Term Investing,Stock,BUKA,BUY,165,20,"Rp330,000.00",23 Apr 2026,BUKABUKALAPAK.COM TBKD,Deep Value
Long Term Investing,Stock,DIVA,BUY,163,30,"Rp489,000.00",23 Apr 2026,DIVADISTRIBUSI VOUCHER NUSANTARA TBKD,Deep Value
Long Term Investing,Stock,INCI,BUY,735,7,"Rp514,500.00",23 Apr 2026,INCIINTAN WIJAYA INTERNATIONALD,Deep Value
Long Term Investing,Stock,LPKR,BUY,89,40,"Rp356,000.00",23 Apr 2026,LPKRLIPPO KARAWACID,Deep Value
Long Term Investing,Stock,LPLI,BUY,316,26,"Rp821,600.00",23 Apr 2026,LPLISTAR PACIFIC TBKD,Deep Value
Long Term Investing,Stock,RIGS,BUY,690,5,"Rp345,000.00",23 Apr 2026,https://www.tradingview.com/symbols/IDX-RIGS/,Growth Value
Long Term Investing,Stock,SCCO,BUY,2330,2,"Rp466,000.00",23 Apr 2026,SCCOSUCACO(SUPREME CABLE MANUFACTURING)D,Deep Value
Long Term Investing,Stock,UCID,BUY,402,8,"Rp321,600.00",23 Apr 2026,UCIDPT Uni-Charm Indonesia TbkD,Deep Value
Long Term Investing,Stock,ASGR,BUY,1495,5,"Rp747,500.00",22 May 2026,https://www.tradingview.com/symbols/IDX-ASGR/,Growth Value
Long Term Investing,Stock,AUTO,BUY,2540,3,"Rp762,000.00",22 May 2026,https://www.tradingview.com/symbols/IDX-AUTO/,Growth Value
Long Term Investing,Stock,BAYU,BUY,1155,6,"Rp693,000.00",22 May 2026,https://www.tradingview.com/symbols/IDX-BAYU/,Growth Value
Long Term Investing,Stock,BUKA,BUY,129,60,"Rp774,000.00",22 May 2026,BUKABUKALAPAK.COM TBKD,Deep Value
Long Term Investing,Stock,DIVA,BUY,138,55,"Rp759,000.00",22 May 2026,DIVADISTRIBUSI VOUCHER NUSANTARA TBKD,Deep Value
Long Term Investing,Stock,IGAR,BUY,446,9,"Rp401,400.00",22 May 2026,https://www.tradingview.com/symbols/IDX-IGAR/,Growth Value
Long Term Investing,Stock,INCI,BUY,700,11,"Rp770,000.00",22 May 2026,INCIINTAN WIJAYA INTERNATIONALD,Deep Value
Long Term Investing,Stock,LPIN,BUY,388,20,"Rp776,000.00",22 May 2026,https://www.tradingview.com/symbols/IDX-LPIN/,Dividend Value
Long Term Investing,Stock,LPKR,BUY,71,110,"Rp781,000.00",22 May 2026,LPKRLIPPO KARAWACID,Deep Value
Long Term Investing,Stock,LPLI,BUY,254,30,"Rp762,000.00",22 May 2026,LPLISTAR PACIFIC TBKD ,Deep Value
Long Term Investing,Stock,RIGS,BUY,685,11,"Rp753,500.00",22 May 2026,https://www.tradingview.com/symbols/IDX-RIGS/,Growth Value
Long Term Investing,Stock,SCCO,BUY,2390,3,"Rp717,000.00",22 May 2026,SCCOSUCACO(SUPREME CABLE MANUFACTURING)D,Deep Value
Long Term Investing,Stock,UCID,BUY,378,20,"Rp756,000.00",22 May 2026,UCIDPT Uni-Charm Indonesia TbkD,Deep Value
Long Term Investing,Stock,ASGR,BUY,1520,2,"Rp304,000.00",25 May 2026,https://www.tradingview.com/symbols/IDX-ASGR/,Growth Value
Long Term Investing,Stock,AUTO,BUY,2530,1,"Rp253,000.00",25 May 2026,https://www.tradingview.com/symbols/IDX-AUTO/,Growth Value
Long Term Investing,Stock,BAYU,BUY,1165,3,"Rp349,500.00",25 May 2026,https://www.tradingview.com/symbols/IDX-BAYU/,Growth Value
Long Term Investing,Stock,BUKA,BUY,129,30,"Rp387,000.00",25 May 2026,BUKABUKALAPAK.COM TBKD,Deep Value
Long Term Investing,Stock,DIVA,BUY,151,25,"Rp377,500.00",25 May 2026,DIVADISTRIBUSI VOUCHER NUSANTARA TBKD,Deep Value
Long Term Investing,Stock,IGAR,BUY,450,8,"Rp360,000.00",25 May 2026,https://www.tradingview.com/symbols/IDX-IGAR/,Growth Value
Long Term Investing,Stock,INCI,BUY,700,5,"Rp350,000.00",25 May 2026,INCIINTAN WIJAYA INTERNATIONALD,Deep Value
Long Term Investing,Stock,LPIN,BUY,402,9,"Rp361,800.00",25 May 2026,https://www.tradingview.com/symbols/IDX-LPIN/,Dividend Value
Long Term Investing,Stock,LPKR,BUY,70,55,"Rp385,000.00",25 May 2026,LPKRLIPPO KARAWACID,Deep Value
Long Term Investing,Stock,LPLI,BUY,248,15,"Rp372,000.00",25 May 2026,LPLISTAR PACIFIC TBKD ,Deep Value
Long Term Investing,Stock,RIGS,BUY,690,5,"Rp345,000.00",25 May 2026,https://www.tradingview.com/symbols/IDX-RIGS/,Growth Value
Long Term Investing,Stock,SCCO,BUY,2400,1,"Rp240,000.00",25 May 2026,SCCOSUCACO(SUPREME CABLE MANUFACTURING)D,Deep Value
Long Term Investing,Stock,UCID,BUY,388,10,"Rp388,000.00",25 May 2026,UCIDPT Uni-Charm Indonesia TbkD,Deep Value
Long Term Investing,Stock,ASGR,BUY,1495,2,"Rp299,000.00",26 May 2026,https://www.tradingview.com/symbols/IDX-ASGR/,Growth Value
Long Term Investing,Stock,AUTO,BUY,2500,1,"Rp250,000.00",26 May 2026,https://www.tradingview.com/symbols/IDX-AUTO/,Growth Value
Long Term Investing,Stock,BAYU,BUY,1165,3,"Rp349,500.00",26 May 2026,https://www.tradingview.com/symbols/IDX-BAYU/,Growth Value
Long Term Investing,Stock,BUKA,BUY,128,30,"Rp384,000.00",26 May 2026,BUKABUKALAPAK.COM TBKD,Deep Value
Long Term Investing,Stock,DIVA,BUY,134,29,"Rp388,600.00",26 May 2026,DIVADISTRIBUSI VOUCHER NUSANTARA TBKD,Deep Value
Long Term Investing,Stock,IGAR,BUY,448,8,"Rp358,400.00",26 May 2026,https://www.tradingview.com/symbols/IDX-IGAR/,Growth Value
Long Term Investing,Stock,INCI,BUY,695,5,"Rp347,500.00",26 May 2026,INCIINTAN WIJAYA INTERNATIONALD,Deep Value
Long Term Investing,Stock,LPIN,BUY,408,9,"Rp367,200.00",26 May 2026,https://www.tradingview.com/symbols/IDX-LPIN/,Dividend Value
Long Term Investing,Stock,LPKR,BUY,70,55,"Rp385,000.00",26 May 2026,LPKRLIPPO KARAWACID,Deep Value
Long Term Investing,Stock,LPLI,BUY,250,15,"Rp375,000.00",26 May 2026,LPLISTAR PACIFIC TBKD ,Deep Value
Long Term Investing,Stock,RIGS,BUY,695,5,"Rp347,500.00",26 May 2026,https://www.tradingview.com/symbols/IDX-RIGS/,Growth Value
Long Term Investing,Stock,SCCO,BUY,2390,1,"Rp239,000.00",26 May 2026,SCCOSUCACO(SUPREME CABLE MANUFACTURING)D,Deep Value
Long Term Investing,Stock,UCID,BUY,396,10,"Rp396,000.00",26 May 2026,UCIDPT Uni-Charm Indonesia TbkD,Deep Value
Long Term Investing,Stock,ASGR,BUY,1420,1,"Rp142,000.00",10 Jun 2026,https://www.tradingview.com/symbols/IDX-ASGR/,Growth Value
Long Term Investing,Stock,AUTO,BUY,2430,1,"Rp243,000.00",10 Jun 2026,https://www.tradingview.com/symbols/IDX-AUTO/,Growth Value
Long Term Investing,Stock,BAYU,BUY,1065,1,"Rp106,500.00",10 Jun 2026,https://www.tradingview.com/symbols/IDX-BAYU/,Growth Value
Long Term Investing,Stock,BUKA,BUY,116,10,"Rp116,000.00",10 Jun 2026,BUKABUKALAPAK.COM TBKD,Deep Value
Long Term Investing,Stock,DIVA,BUY,103,10,"Rp103,000.00",10 Jun 2026,DIVADISTRIBUSI VOUCHER NUSANTARA TBKD,Deep Value
Long Term Investing,Stock,IGAR,BUY,424,3,"Rp127,200.00",10 Jun 2026,https://www.tradingview.com/symbols/IDX-IGAR/,Growth Value
Long Term Investing,Stock,INCI,BUY,610,2,"Rp122,000.00",10 Jun 2026,INCIINTAN WIJAYA INTERNATIONALD,Deep Value
Long Term Investing,Stock,LPIN,BUY,386,3,"Rp115,800.00",10 Jun 2026,https://www.tradingview.com/symbols/IDX-LPIN/,Dividend Value
Long Term Investing,Stock,LPKR,BUY,65,20,"Rp130,000.00",10 Jun 2026,LPKRLIPPO KARAWACID,Deep Value
Long Term Investing,Stock,LPLI,BUY,246,5,"Rp123,000.00",10 Jun 2026,LPLISTAR PACIFIC TBKD ,Deep Value
Long Term Investing,Stock,PUDP,BUY,290,4,"Rp116,000.00",10 Jun 2026,PUDPPUDJIADI PRESTIGED,Deep Value
Long Term Investing,Stock,RIGS,BUY,665,2,"Rp133,000.00",10 Jun 2026,https://www.tradingview.com/symbols/IDX-RIGS/,Growth Value
Long Term Investing,Stock,SCCO,BUY,2220,1,"Rp222,000.00",10 Jun 2026,SCCOSUCACO(SUPREME CABLE MANUFACTURING)D,Deep Value
Long Term Investing,Stock,UCID,BUY,368,4,"Rp147,200.00",10 Jun 2026,UCIDPT Uni-Charm Indonesia TbkD,Deep Value
Long Term Investing,Stock,ASGR,BUY,1445,1,"Rp144,500.00",11 Jun 2026,https://www.tradingview.com/symbols/IDX-ASGR/,Growth Value
Long Term Investing,Stock,AUTO,BUY,2400,1,"Rp240,000.00",11 Jun 2026,https://www.tradingview.com/symbols/IDX-AUTO/,Growth Value
Long Term Investing,Stock,BAYU,BUY,1080,1,"Rp108,000.00",11 Jun 2026,https://www.tradingview.com/symbols/IDX-BAYU/,Growth Value
Long Term Investing,Stock,BUKA,BUY,115,9,"Rp103,500.00",11 Jun 2026,BUKABUKALAPAK.COM TBKD,Deep Value
Long Term Investing,Stock,DIVA,BUY,106,10,"Rp106,000.00",11 Jun 2026,DIVADISTRIBUSI VOUCHER NUSANTARA TBKD,Deep Value
Long Term Investing,Stock,IGAR,BUY,418,3,"Rp125,400.00",11 Jun 2026,https://www.tradingview.com/symbols/IDX-IGAR/,Growth Value
Long Term Investing,Stock,INCI,BUY,610,2,"Rp122,000.00",11 Jun 2026,INCIINTAN WIJAYA INTERNATIONALD,Deep Value
Long Term Investing,Stock,LPIN,BUY,390,3,"Rp117,000.00",11 Jun 2026,https://www.tradingview.com/symbols/IDX-LPIN/,Dividend Value
Long Term Investing,Stock,LPKR,BUY,61,20,"Rp122,000.00",11 Jun 2026,LPKRLIPPO KARAWACID,Deep Value
Long Term Investing,Stock,LPLI,BUY,240,5,"Rp120,000.00",11 Jun 2026,LPLISTAR PACIFIC TBKD ,Deep Value
Long Term Investing,Stock,PUDP,BUY,288,3,"Rp86,400.00",11 Jun 2026,PUDPPUDJIADI PRESTIGED,Deep Value
Long Term Investing,Stock,RIGS,BUY,655,1,"Rp65,500.00",11 Jun 2026,https://www.tradingview.com/symbols/IDX-RIGS/,Growth Value
Long Term Investing,Stock,SCCO,BUY,2250,1,"Rp225,000.00",11 Jun 2026,SCCOSUCACO(SUPREME CABLE MANUFACTURING)D,Deep Value
Long Term Investing,Stock,UCID,BUY,370,3,"Rp111,000.00",11 Jun 2026,UCIDPT Uni-Charm Indonesia TbkD,Deep Value
Long Term Investing,Stock,ASGR,BUY,1500,1,"Rp150,000.00",12 Jun 2026,https://www.tradingview.com/symbols/IDX-ASGR/,Growth Value
Long Term Investing,Stock,AUTO,BUY,2400,1,"Rp240,000.00",12 Jun 2026,https://www.tradingview.com/symbols/IDX-AUTO/,Growth Value
Long Term Investing,Stock,BAYU,BUY,1120,1,"Rp112,000.00",12 Jun 2026,https://www.tradingview.com/symbols/IDX-BAYU/,Growth Value
Long Term Investing,Stock,BUKA,BUY,114,10,"Rp114,000.00",12 Jun 2026,BUKABUKALAPAK.COM TBKD,Deep Value
Long Term Investing,Stock,DIVA,BUY,109,10,"Rp109,000.00",12 Jun 2026,DIVADISTRIBUSI VOUCHER NUSANTARA TBKD,Deep Value
Long Term Investing,Stock,IGAR,BUY,424,3,"Rp127,200.00",12 Jun 2026,https://www.tradingview.com/symbols/IDX-IGAR/,Growth Value
Long Term Investing,Stock,INCI,BUY,635,2,"Rp127,000.00",12 Jun 2026,INCIINTAN WIJAYA INTERNATIONALD,Deep Value
Long Term Investing,Stock,LPIN,BUY,396,3,"Rp118,800.00",12 Jun 2026,https://www.tradingview.com/symbols/IDX-LPIN/,Dividend Value
Long Term Investing,Stock,LPKR,BUY,64,20,"Rp128,000.00",12 Jun 2026,LPKRLIPPO KARAWACID,Deep Value
Long Term Investing,Stock,LPLI,BUY,240,5,"Rp120,000.00",12 Jun 2026,LPLISTAR PACIFIC TBKD ,Deep Value
Long Term Investing,Stock,PUDP,BUY,292,3,"Rp87,600.00",12 Jun 2026,PUDPPUDJIADI PRESTIGED,Deep Value
Long Term Investing,Stock,RIGS,BUY,675,2,"Rp135,000.00",12 Jun 2026,https://www.tradingview.com/symbols/IDX-RIGS/,Growth Value
Long Term Investing,Stock,SCCO,BUY,2280,1,"Rp228,000.00",12 Jun 2026,SCCOSUCACO(SUPREME CABLE MANUFACTURING)D,Deep Value
Long Term Investing,Stock,UCID,BUY,386,3,"Rp115,800.00",12 Jun 2026,UCIDPT Uni-Charm Indonesia TbkD,Deep Value